120.44483752620545, 0.11419753086419693
122.41024633123689, 0.06158810325476871
122.69686844863732, 0.008978675645341383
122.94254454926624, 0.09666105499438782
123.96619496855347, -0.11377665544332416
124.2118710691824, 0.2018799102132416
124.25281708595388, 0.39478114478114446
124.98984538784067, 0.7104377104377093
126.17727987421384, 0.39478114478114446
126.66863207547169, -0.09624017957351505
126.66863207547169, 0.6052188552188538
126.9962002096436, 0.2194163860830507
127.61039046121593, 0.8507295173961831
127.65133647798743, 0.640291806958472
128.14268867924528, 1.1313131313131306
128.18363469601678, 0.9910213243546568
128.4702568134172, 1.6047979797979792
128.5112028301887, 1.0436307519640842
128.59309486373166, 1.2189955106621762
129.45296121593293, 1.1488496071829397
129.4939072327044, 1.3066778900112226
129.4939072327044, 0.9384118967452286
129.57579926624737, 0.6578282828282811
130.1899895178197, 0.6227553310886629
130.5585036687631, 1.2540684624017944
130.64039570230608, 0.6753647586980911
130.9270178197065, -0.008557800224467726
130.967963836478, 0.2895622895622889
131.37742400419287, -0.5171156004489337
132.2782363731656, 0.2194163860830507
132.3601284067086, 0.07912457912457693
132.44202044025158, -0.25406846240179703
133.34283280922432, -0.446969696969699
133.38377882599582, -0.6223344556677901
137.84689465408806, -2.6565656565656592
138.29730083857442, -2.2707631874298553
139.89419549266248, -1.8148148148148167
139.89419549266248, -2.1129349046015733
