120.31974570576301, 268.5678534938033, 191, 5835.44502617801
120.69016309579735, 277.08865513652535, 347, 21968.213256484043
121.60453812067061, 279.3646406650795, 203, 6555.704433497553
122.01891276609098, 276.4807331849332, 194, 5991.670103092766
122.04231669705673, 271.94485047477593, 196, 6120.647959183664
122.27781370726329, 278.133369852003, 204, 6619.274509803916
122.47037739624238, 278.8924904674971, 201, 6426.6268656716575
122.85638864282406, 276.26606164098484, 196, 6119.540816326514
123.19219168322995, 279.03883002208175, 201, 6426.457711442785
123.80696500788807, 274.4633591414172, 202, 6490.975247524767
124.00649605698422, 268.5279377127314, 208, 6872
124.03423160966213, 266.4154105694922, 200, 6374.149999999994
124.13588213460375, 275.7419989221246, 200, 6371.054999999998
124.57968374839356, 266.110914003277, 201, 6429.880597014946
124.58429948853532, 281.44246653901473, 196, 6121.525510204097
124.87987623938815, 279.5861360434063, 198, 6243.636363636381
124.99399020295787, 275.3916069889009, 199, 6303.457286432173
125.08437206996136, 272.8473134493716, 199, 6304.633165829171
125.28894239033187, 276.97588347315406, 200, 6365.91500000001
125.46976934675658, 276.6886928658719, 196, 6121.096938775517
126.18879525996431, 275.0163753167426, 208, 6872
126.31879574735864, 273.5564768558401, 196, 6109
126.61552315678304, 266.91718307753564, 200, 6366.814999999992
126.87534247508897, 272.8710482067928, 201, 6426.9452736318435
126.94234989734277, 262.2861791005477, 201, 6428.855721393042
127.13832558424248, 274.7913900616117, 205, 6682.731707317099
127.14551818426759, 262.393119958139, 200, 6371.420000000008
127.34739699734394, 275.6548494280049, 146, 3537.9041095890543
127.69154390148321, 275.97555315857636, 403, 35603.56327543433
127.97340264406292, 275.4621191438506, 201, 6428.189054726408
128.20128158913343, 275.8984477422631, 201, 6426.626865671635
128.35184926604433, 280.6227404952335, 201, 6426.626865671634
128.41046781058347, 273.84807993887284, 201, 6426.457711442799
128.44121874058484, 287.0331662043374, 201, 6428.189054726392
128.6857885295572, 286.2083654806503, 383, 29332.877284595295
129.00351564971055, 282.50752279140687, 202, 6499.524752475229
129.0522240753383, 270.9193445425267, 202, 6490.975247524748
129.25089820124478, 268.26139008754154, 199, 6307.889447236186
129.30672408362082, 263.8946525603338, 200, 6367.815000000002
129.47640496439703, 263.1991872774969, 201, 6428.1890547263665
129.82408511528462, 260.3986534704122, 202, 6489.965346534622
129.89606456568612, 258.22518610526816, 390, 32555.39743589752
130.53629302080586, 251.56680672722104, 201, 6426.626865671644
130.9810079861218, 250.5642806333093, 202, 6490.975247524758
131.48040252542648, 240.79309503399344, 201, 6431.980099502526
131.50552918026617, 244.6802394526486, 201, 6435.42288557217
131.65393826168517, 240.06179144886278, 202, 6491.4653465346555
131.97558643945501, 228.49914402418523, 200, 6367.815
132.12969748654024, 231.89396203265824, 202, 6490.975247524768
132.76530542958255, 223.07025283224812, 196, 6121.489795918387
132.8614881207868, 227.5907026814977, 198, 6245.202020202021
133.0821605309402, 224.20184803295717, 201, 6426.945273631811
133.33572172833124, 223.46261807707725, 201, 6429.572139303466
133.37124466806927, 219.84521167833316, 203, 6557.359605911366
133.6778163595727, 210.07792896326373, 196, 6108.999999999999
133.92453932749805, 222.2989121137145, 198, 6249.156565656587
134.34724501323393, 208.37995971962698, 201, 6426.447761194055
134.5433798974703, 203.14881830531345, 200, 6371.054999999982
134.66567890015898, 211.9262004871813, 197, 6179.096446700526
135.23841655774754, 203.95318819344084, 201, 6431.691542288573
135.35542582253035, 199.83990249964074, 202, 6489.965346534609
135.42741136965475, 197.4112032684618, 197, 6184.385786802043
135.84223874686782, 197.41623749144952, 199, 6302.512562814089
136.20260027252746, 200.63914471039527, 400, 40199.71750000001
136.56925963592965, 201.8319385000142, 202, 6493.039603960395
136.70496238723416, 203.1938679772918, 202, 6492.698019801989
136.96044832464685, 195.20447575846816, 197, 6173.91878172589
137.0629093162019, 200.52622073465244, 202, 6489.965346534647
137.6944093544994, 193.69275951957104, 203, 6555.6847290640335
137.90000985992205, 198.60623953444593, 197, 6176.568527918779
138.03426095384532, 192.7867834517075, 200, 6368.669999999968
138.43835816262012, 193.59633856667068, 203, 6553.81280788175
138.66171055353638, 189.57043736614133, 204, 6618.156862745103
138.97100830586714, 197.9705702666418, 197, 6172.923857868008
139.86977650151178, 191.6857463501928, 196, 6121.770408163242
140.08374517927697, 192.1309764230317, 197, 6172.923857868009
140.3143357275417, 195.90878975999834, 199, 6307.286432160807
