120, -14, 427, 29734.384074941347
120, -14, 427, 29734.384074941347
124.44554733124764, -13.908414334208949, 427, 29734.384074941347
125.46877144025173, -14.675747009569513, 313, 15600.753993610408
126.37958252298316, -14.939819126408729, 315, 15786.749206349285
126.37990826782494, -15.171832963097891, 316, 15892.82911392419
127.449913536769, -15.592730220876284, 312, 15495.589743589842
129.00444830465685, -12.32382480392593, 315, 15808.260317460368
129.00469754284086, -12.089673837969613, 315, 15807.517460317358
131.47924500641312, -10.971491365107013, 315, 15786.749206349166
133.70544046616564, -10.596205986762385, 313, 15606.638977635803
136.54544210424797, -11.798226417518215, 314, 15690.627388535167
138.2764687612688, -10.559085997703008, 314, 15691.350318471244
140.39701739357557, -10.756017229309641, 314, 15708.818471337498
