10.59369488536155, -0.036652195541085675
11.034611992945315, 0.023606475828698237
11.22751322751322, 0.16645231311897923
11.392857142857132, 0.24988739655406267
11.585758377425037, 0.0009953421064530232
11.83377425044091, -0.08159182381404584
12.026675485008816, -0.2711296522407647
12.16446208112874, -0.5438764527653426
12.412477954144613, -0.721430380319271
12.495149911816569, -0.9111943200832116
12.688051146384474, -1.005765386876499
12.880952380952372, -1.2309157509157522
12.991181657848323, -0.9814018902907797
13.239197530864196, -1.1945683534572424
13.432098765432094, -1.0161099805544271
19.880511463844798, -2.6173174150951954
