7.280059986384678, -1.7930056424424947
7.288791377614672, -1.638131197193367
7.305630489272517, -1.4539813790998437
7.324590081657647, -1.2218433571009655
7.331575194641637, -0.8549019963034254
7.3324483337646384, -1.050198324364679
7.33778418396075, -0.6424733163041978
7.349911116224632, -0.4212223395265724
7.352261875401936, 0.0025102191222288184
7.354276811839625, -0.24936785955748775
7.354276811839625, 0.7175108427467407
7.354276811839625, 0.4970027153960288
7.354276811839625, 0.3199523941655258
7.354276811839625, 0.23464633029991688
7.393568072374599, -2.0450771917668007
7.396187489743603, -0.6459906427003901
7.400116615797096, -0.8560567692371635
7.402299463604592, -1.7357866993081146
7.403754695476259, -1.4415485680070859
7.408605468381815, -1.0899317276895957
7.4127771330805885, -1.2625323833298694
7.479010972268114, -1.7859738204963023
7.491484388310958, -1.6572736445498464
7.504165694621193, -0.31336550717955447
7.504650771911749, -1.419485395089822
7.508167582268271, -0.6674865848115132
7.508167582268271, -0.8445369060420163
7.508947170770945, -0.4984879863325844
7.510471699398408, -1.0153396381860347
7.514616905335878, -1.1898911264447989
7.550733114514493, -0.10436200953289898
7.592934838792793, -0.9160581466725546
7.605946323762986, -0.002863684446310799
7.607487157509453, -0.2282943971143041
7.607487157509453, -0.4053447183448071
7.607487157509453, -0.5823950395753101
7.610397621252787, -0.7484860292836402
7.616218548739447, 0.2459552069896631
7.621675668258199, 0.4384983071208737
7.62931563558444, 0.6423354219993058
7.668606896119414, -1.4661819723407277
7.672972591734414, -1.6984391021932197
7.676610671413577, -1.1860847803027923
7.6860696785794005, 0.3279154229672798
7.702659321916386, -0.9565888932136275
7.705715308846891, -0.7821696931318627
7.709353388526054, 0.13089510957381378
7.710808620397714, -0.059575545751464176
7.711016510665104, -0.24429144461988272
7.711016510665104, -0.42134176585038574
7.712263852269388, -0.6077236177040319
7.725360939114374, -1.6678569399744632
7.748436758793645, -1.442446388570339
7.765323845128577, -1.2061412575389596
7.775566438686845, -1.9182639517366198
7.790846373339335, -0.8057416628386207
7.798704625446327, -0.6528746944752655
7.801592701007017, 0.4347938250446859
7.802197181938325, -0.13461795211335925
7.802197181938325, -0.31166827334386227
7.802197181938325, -0.48308517526248096
7.803943460184321, 0.6991191888793082
7.804200265808738, 0.11636668652944593
7.805034884088073, -0.9159675817103334
7.826742092840419, -1.6312655989971319
7.827359463937491, -1.884325523794189
7.8616676577604, -1.2245858808938337
7.870156510345112, -1.4767918069484054
7.9392800242492285, -1.3468480048832987
7.9419666061661545, -0.2852672900075959
7.943645719864229, 0.06585330433305359
7.94451885898723, -0.5739466332417464
7.945516732270654, -1.0744063055937119
7.948011415479229, -0.8387351752311076
7.965474197939216, -0.0823366107195298
7.969839893554209, -0.43645954609431215
8.044056719009163, -1.1933262617952423
8.05403545184344, -1.2773036679996395
8.055698573982482, -1.0002399045865928
8.060600407655464, -1.4649161371162407
8.074616588314143, -1.7286571468202538
8.078982283929136, -1.8587846000322088
8.088545236228661, -2.076122462730126
8.113907848849117, -2.6680292597533395
8.113907848849117, -2.833812742360081
8.11827354446411, -2.2989284587077634
8.120144556870535, -3.0481444587133026
8.121391898474826, -2.4836592195186995
8.143183690032032, -1.2719428779097939
8.146338730560515, -1.0099001672240249
8.147586072164806, -1.8169800788605173
8.157051193750263, -1.5820884511385316
8.157564804999083, -0.7593278163513517
8.223050239224037, -2.550284777048333
8.224240883482679, -1.9580502162889033
8.228143550774867, -2.379296270622824
8.231296553163475, -2.1609055985325227
8.263432923662762, -1.7718719601802775
8.279132636739774, -1.5232459521644373
8.314729847138977, -1.0889381006754562
8.314729847138977, -0.8695796507353322
8.332738341550844, -1.3215523152361541
8.349655412058958, -1.7461570841365415
8.374394353877271, -1.5088750253616041
8.41404942238016, -1.4145165523075818
8.422125959267909, -2.1521333369605955
8.426782701257231, -2.3782986627312326
8.440186152706787, -1.8315442238096296
8.493723367353859, -1.2036701737885664
8.498089062968852, -0.8791002111130908
8.498089062968852, -1.0561505323435938
8.500271910776355, -1.6091086100677146
8.52904581369338, -1.3618789296190101
8.550477410348819, -1.0027664348148448
8.55833566245581, -0.8338039827032588
8.567940192808805, -2.8296930118937738
8.57055961017781, -1.8317863952519389
8.571970065684184, -1.1056396577059786
8.572305888423806, -2.067862407391452
8.572305888423806, -2.244912728621955
8.572305888423806, -2.4098914370412814
8.572305888423806, -2.693909660681882
8.589768670883792, -0.2947657861168409
8.59238808825279, -0.6392225140771757
8.594134366498793, -0.40745646526821844
8.607628334763326, -1.5539627812504548
8.61159714895878, 0.25236919675399605
8.61159714895878, 0.07531887552349303
8.624297354384218, -1.3294427400709878
8.641865971889423, -0.14373426765460096
8.64870556168625, -0.30311448232696847
8.651979833397498, -0.7417331341515023
8.65350782686275, -0.5083564223220307
8.66398549633874, -0.8855563740519656
8.681011709237232, -1.1321968629226475
8.687996822221223, -1.5547389799756601
8.747661328959516, -0.9031765579940938
8.767015912852678, -1.5028321595333196
8.777493582328667, -1.1822466836472287
8.84647157304562, -0.6228149295360481
8.851225330493058, -1.031127975122196
8.85482876179433, -0.8617605704625433
8.861314938136609, -1.9185771671752079
8.864347947721761, -1.3351737255466603
8.872745123019513, -1.6379888265394627
8.923986924076338, -0.3715846900078503
8.93533026994779, -0.7162510475727899
8.938151180960553, -1.1093666899218704
8.952121406928548, -0.9345825447083982
9.030703927998495, -0.16154704886091054
9.031375573477725, -0.4740711213180404
9.037495010066266, -1.1536894610966968
9.045085042965546, -0.7681204038152529
9.052532406073482, -1.0073420553679213
9.061263797303475, -1.504334701922005
9.068539956661802, -1.3635363739813116
9.140853786592267, -0.9791616688022344
9.14626645898371, -0.7799985928156872
9.154689683464412, -1.1313965473179906
9.179137578908396, -1.295695321867072
9.179137578908396, -1.472745643097575
9.190051817945886, -0.569442350012757
9.200966056983383, -2.5492425833291747
9.205331752598376, -1.7372167682915247
9.209073777411234, -2.385742372798674
9.212815802224085, -2.1730711600517623
9.217337415539617, -1.9809544118965619
9.217943762152814, -1.4845683183715437
9.235891621903356, -0.33830384672666014
9.239743706269529, -1.1056993744704826
9.24389539719752, -1.3543721286754433
9.250734986994345, -0.1371860957806632
9.255665654983048, -0.8004398834028947
9.289287437502168, -0.3540529328915625
9.291772525775315, -0.5566830008115176
9.30137705612831, 0.17909982013463832
9.30574275174331, 0.43794655750485845
9.310780092837533, -0.15482630696980237
9.349399707893276, -0.817053458838501
9.358131099123277, -1.0330457849547727
9.358131099123277, -1.2161319125908605
9.359586330994944, -1.4173328904149685
9.36686249035327, -1.5541816571311955
9.395967127786577, -0.650300606030946
9.408024763294662, -0.47541959762457964
9.413541851159778, -0.2556382927561671
9.482553424150687, -0.4663153308724546
9.514048799658887, -0.15577583811052875
9.518691682297053, 0.06621593573051854
9.52693799623649, 0.2825686639528797
9.528393228108158, -0.3719884394462909
9.567684488643131, -2.054167127360067
9.572050184258131, -1.5552294240787958
9.572050184258131, -1.7306701969344758
9.579326343616458, -1.9281452857690269
9.579534233883841, -1.3816663515036751
9.580781575488125, -1.174347561198303
9.585874887038948, -0.8095426046378904
9.58871920387903, -1.012457772423005
9.590760308322402, -0.6137391658665408
9.6209459751461, -0.41591885533861017
9.638627042386837, -0.21360843350545622
9.659364096558072, -0.019450777940221542
9.672461183403058, 0.41756414643698037
9.672461183403058, 0.17720492246344577
9.672461183403058, 0.6895778217820236
9.690215012237388, -0.8352916631494196
9.691015389766797, -1.1031514255603625
9.697782217970044, -0.5568784353556353
9.721315396237557, -0.2790832520571769
9.756500823991757, 0.11977094559824053
9.760260172993561, -0.05483954006870562
9.764140791317999, 0.9144464430678525
9.76652207983527, 0.5596020279380554
9.768506486933, 0.30816092897084957
9.781603573777986, 0.8097366270492614
9.842723312387946, 0.33533936858129465
9.842723312387946, 0.15828904735079163
9.843596451510948, -0.006620958361523321
9.85654801516877, 0.7597261904723638
9.85824578568571, 1.1312549375274727
9.860186094847933, 0.5127185826696277
9.868917486077926, -1.0738808297689246
9.868917486077926, -1.2509311509994276
9.868917486077926, -1.4279814722299236
9.869541156880068, -0.19782982760307988
9.87764887730792, 0.8897236016872654
9.88638026853792, -0.4945325864878498
9.890745964152913, -2.0759361576649766
9.890745964152913, -2.2529864788954796
9.89336538152191, -2.413149917938604
9.894020235864161, -1.8687235240918838
9.895984798890915, -0.7569380159942725
9.903843050997907, -0.5911946606323326
9.919226930784085, -1.0143545037104928
9.920335678876782, -1.444339516962657
9.920335678876782, -1.609765322152775
9.921305833457893, -1.2672941497129955
9.952593318698703, -0.34867005163376064
9.9591418621212, -0.5235183283810088
9.964962789607867, -0.17156095817602335
9.96932848522286, 0.5753935174074769
9.972446839233577, 0.3488911440118656
9.97835092282719, -0.6768811902264318
9.984013097746029, 0.09172240680756971
10.020843693479826, -0.9579643659937744
10.046903538073963, -0.4260178882482677
10.0610080931378, -0.19055690498434075
10.07119471623946, 0.13493012696775963
10.081249045534605, -0.6941605628048606
10.127366666485756, -0.408847543088001
10.15383656831984, -0.20067326361317583
10.165784787897728, 0.2078522745664344
10.165784787897728, 0.030801953335931387
10.191978961587708, -0.6382698635617032
10.196344657202708, -1.1308810236868538
10.203620816561035, -0.8985396319281236
10.23369560857546, 1.200873230267959
10.235635917737682, 0.814124615578038
10.235635917737682, 0.5613871981505199
10.23966579061306, -0.4152401218560229
10.252225561074667, -0.14632396113855606
10.252613622907113, 0.2739450218061634
10.253098700197668, 1.0487612485845688
10.266680864333217, 0.03914738442232846
10.333696157705312, -0.4454350161495313
10.34423259616073, -0.21016975155509243
10.353509699342602, -0.643789217464743
10.353509699342602, -0.8208395386952461
10.357875394957595, -1.0027982818345293
10.361149666668844, 0.04425370017285957
10.361149666668844, -1.1810150001609543
10.364860507941593, -1.3613033671178059
10.365359444583312, 0.2181209117859666
10.384069568647583, 0.42036859499034307
10.442621251013428, -0.1943991542414807
10.456249069482197, 0.06268027960521749
10.45828639410253, -0.8032671494091801
10.45828639410253, -0.9803174706396831
10.45828639410253, -1.1439548887466557
10.460905811471527, -1.70140851830854
10.46265208971753, -0.43769202575607835
10.46265208971753, -0.6147423469865814
10.46265208971753, -1.3215640190158808
10.46265208971753, -1.7851139509648348
10.465562553460856, -1.5088230085627856
10.530632207151058, -0.9197539933068697
10.53075694131148, -1.2897208209743738
10.533376358680485, -1.110269552929914
10.540361471664468, -0.5590349032151636
10.54487269046664, -0.7406686475185751
10.553240273728719, -0.13377750926390064
10.556951115001468, -0.362754714559145
10.559944734851747, -1.4970417344143883
10.58052587132245, 0.29864928575859295
10.583145288691448, 0.10066145990712272
10.589257262552444, 0.644657600517931
10.589257262552444, 0.46760727928742796
10.593622958167437, 0.8860675638275595
10.643100841804078, 0.4861103977237491
10.644265027301408, 0.918804707711601
10.646011305547404, 0.669242631158788
10.646805068386492, 0.31001664515720506
10.655712851358508, 0.11674406330517684
10.660199816296142, -0.05183433144181038
10.66347408800739, 1.6421986133737931
10.66347408800739, 1.4651482921432901
10.66347408800739, 1.288097970912787
10.66783978362239, 2.0123724466692465
10.66783978362239, 1.8353221254387435
10.66783978362239, 1.1271208405167386
10.680936870467377, -1.289951181083424
10.687921983451375, -1.1826836247572885
10.68966826169737, -0.14453384016212567
10.69403395731237, -0.2733200030617269
10.698399652927371, -0.45754616553855243
10.70096770917148, -0.7041462980097037
10.703389019344506, -0.9413303491426888
10.785713565227312, -0.8210346016908119
10.803176347687298, -0.6591629681293867
10.805795765056295, -0.4895701838807085
10.815788357241729, -0.3114978564029798
10.816273434532292, 0.2437938559204511
10.818624193709596, -0.0523337784524287
10.818698820985063, 0.6631582419638349
10.820639130147285, 0.4181393036124774
10.838101912607272, 0.16052239198571527
10.89158168389099, -0.9337406072204075
10.894855955602239, -1.0925325676304425
10.930405191324354, -0.6539205506016756
10.954520462340525, -0.3658578881571444
10.969072781057186, -0.21034252163687484
10.973438476672186, 0.040724731921692126
10.994296800166055, -0.48320035531700256
11.015904788563518, -1.0958332699553708
11.01647176202001, -1.3499148728788555
11.01680438644783, -0.7927062530550728
11.057478117260878, -0.35364137140641105
11.06948378020212, 0.0643775134409097
11.06948378020212, -0.1840294524067403
11.089129410469603, -0.599762106058904
11.10586457699376, -1.5885461837210713
11.108775040737093, -1.211275242089073
11.110829485732381, -0.9471980688517334
11.112049312448342, -1.3910727668550464
11.113764407154228, -1.8022349087468754
11.183248671816457, -0.1229110251446528
11.18735756180704, -0.3321732954375207
11.18735756180704, 0.1651771523827108
11.190532613163398, -0.5202140231609107
11.1931784892937, -0.7265423711541246
11.220536848481018, -1.2674903273542455
11.222283126727014, -1.4617180817483657
11.240291621138887, -0.9360242375756087
11.274671474106981, -1.5961146279489427
11.281656587090978, -0.549943852976206
11.28215552373269, -0.7132005930412362
11.283402865336974, -1.389332247611783
11.287283483661412, -1.185744194120062
11.300865647796961, -1.574787740433976
11.345395743069936, -0.9091986171028452
11.363572912085097, 0.3187939733004441
11.368533929829418, -0.21841812965320884
11.372172009508581, 0.07195264554290759
11.375810089187745, -0.5953578622805011
11.421857783412598, -1.8176042804463108
11.422311362177787, -1.1615588596605804
11.427470820631875, -1.40911423620188
11.427470820631875, -2.0073297155109984
11.427470820631875, -2.160236811119155
11.430589174642591, -1.5957611260304532
11.454538133444863, -0.9167306495715408
11.458030689936855, -0.4236901650818652
11.472925416152727, -0.665482517430199
11.497321950471829, -0.14061028733706848
11.502934987691106, 0.09504491951568639
11.506053341701822, 1.1872225360641337
11.510419037316822, 0.8101060524776003
11.510419037316822, 0.6330557312470972
11.510419037316822, 0.4560054100165942
11.510419037316822, 0.2789550887860912
11.511292176439824, 1.0326791405846194
11.540978906621802, -1.7725128814514193
11.541602577423937, -0.4340041408766879
11.549710297851796, -0.03089199668953313
11.55469966426893, -1.007185208795974
11.556258841274285, -0.25760349884773603
11.561061106450786, -1.4028216897392767
11.568363724570418, -1.5939562685694568
11.570745013087688, -1.2135297215643206
11.57372162373428, -0.783813795523038
11.646379272183871, -0.4230423967014971
11.6655051767829, 0.21837993421272728
11.667584079456716, -0.025793421534061167
11.667584079456716, -0.2139093878414684
11.670078762665284, -0.6301053492820756
11.677562812290994, 0.4965402966702257
11.680681166301703, 0.6712753395697035
11.711241035606683, -0.9974458593929896
11.711241035606683, -0.8418561831601252
11.731198501275244, -1.3029787352687734
11.732196374558669, -0.33334590270227693
11.766124066195225, -0.6397932126699146
11.768868217724652, -0.8646841268695198
11.770281871542835, -1.1157808919996626
11.85094329528659, -0.2748379478272014
11.854160123634486, -0.5554086674612435
11.859674686516584, -0.7987173683698003
11.86258515025991, -0.4187812654677998
11.863810608678165, -1.071360557200677
11.868406077746577, -0.0838716370682917
11.874954621169074, -0.9432889408532432
11.912063033896551, -1.2855074602701961
11.935346743843205, -0.2850237827955482
11.95492622720743, -0.11734053860915594
11.955719990046518, -0.7465316838423703
11.955719990046518, -0.8833432957023035
11.958288046290633, -0.5060593342593123
11.962910547530043, -1.005516331296839
11.971727540634838, -1.2884947107165416
11.998129604592208, -1.5630192050934681
12.005197873683151, -1.9110243279869792
12.008108337426485, -1.3906185487368106
12.012474033041478, -1.744741484111593
12.016839728656478, -2.5253947388144056
12.019459146025476, -2.1713074721016667
12.019750192399805, -2.3993283113958057
12.072502347747687, -1.978432526025351
12.098332713469752, -2.0912328120027937
12.14622307142821, -2.386317356263149
12.157885279294838, -2.7068796350473434
12.177279042507621, -1.862275298781391
12.214751263203013, -2.569326640900975
12.214751263203013, -2.0478329674584117
12.22639311817634, -2.3356183485182314
12.276162048187302, -2.6699687432520847
12.290241416545669, -2.9251540553084254
12.315647339638502, -3.192200559839769
12.322438421706273, -3.656321685779531
12.326804117321267, -3.4605155930898803
12.331169812936267, -3.838781754087009
12.340992628070012, -4.027953847184683
12.344266899781253, -4.441087983074517
12.35154305913958, -4.250661913576792
12.372886459924011, -3.613658002787929
12.391617906066998, -3.8056613435699305
12.39738286309705, -3.419966640669223
12.404237771124109, -3.185593513814595
12.41266279774954, -3.050519184814398
12.435946507696194, -2.852127114126411
12.440312203311194, -2.6482732795626376
12.444677898926187, -2.471245251245918
12.482721817856877, -3.580303380577803
12.494768511771944, -2.3800109149509296
12.497066246306154, -2.6324676036935415
12.497066246306154, -2.808786312026399
12.497066246306154, -2.9624250205322014
12.506282714826703, -3.0854236953158036
12.514529028766141, -3.342546447353797
12.54421575894812, -4.203627580989348
12.545088898071121, -4.012900557155604
12.555275521172781, -4.363029345478367
12.55993226316211, -3.8270735157704294
12.575648767376101, -3.6365372555845923
12.605481020745252, -4.410901520075328
12.610574332296075, -4.241132368479235
12.615169801364495, -4.004998892532306
12.62891025387907, -4.846269865070923
12.632402810371062, -4.586077378805605
12.676059766521035, -3.5055556387655358
12.676059766521035, -3.13234160935351
12.677514998392702, -3.7779567773370104
12.684791157751029, -3.293341032663342
12.684791157751029, -2.870834584272373
12.739707013118625, -4.048414928771969
12.757552751334309, -4.254076444870563
12.776470765665962, -4.5251136905921
12.780836461280963, -4.778639852540458
12.794661164061786, -5.327968829675683
12.79829924374095, -5.529180953956683
12.8064069641688, -5.038022681408677
12.889008697074779, -5.120774154283133
12.899801666789628, -4.854694914510745
12.94673289465085, -3.986784408663844
12.952190014169595, -4.620571947392527
12.953281438073347, -4.175939782076185
12.961844917933533, -4.386772441879039
13.022404951977471, -4.833525006263642
13.047767564597926, -5.1042119347686565
13.049084202958007, -5.337539301410402
13.052964821282444, -4.376301060147952
13.058785748769104, -4.239519172173061
13.066546985417993, -4.5596800919012
13.066789524063267, -5.521498258545691
13.097150952658481, -4.79452152697926
13.148802234544995, -4.126927218782718
13.153167930159995, -3.856775320208385
13.154103436363208, -4.338590738748458
13.154415271764286, -4.577054587345501
13.156286284170712, -3.6699686644977305
13.229475887128011, -4.883894533598756
13.243600196470652, -5.0868170926173235
13.284637735251621, -4.7015398102368025
13.306590947487031, -4.517473590569928
13.306902782888109, -4.26174381390333
13.309085630695606, -4.014789881598347
13.387668151765553, -5.223023080319599
13.392906986503554, -4.733478867807548
13.395152201391262, -5.101961942827991
13.396399542995546, -4.9154650878477
13.417604350268391, -4.552530789837938
13.424339994931529, -4.32400931539437
13.479347759680493, -3.6788613078040555
13.48153060748799, -3.978952629391962
13.506269549306303, -4.264606131145371
13.531736107060453, -4.545065848424038
13.575878140500983, -3.7127970673522626
13.5792451475766, -3.959716877292884
13.601102159609852, -4.230663931422072
13.650857230269658, -4.427257353209477
13.658341279895367, -4.735409115670585
13.680793428772496, -5.300015373539999
13.688028010077346, -5.064675027555182
13.749685065070686, -4.8916126227931045
13.754386583425301, -4.711986269633506
13.768575094174047, -4.542251368059482
13.789312148345282, -4.301729777363931
13.793677843960275, -4.099753749237458
13.820207840389877, -3.7813843604649193
13.824237713265255, -3.3139136765954618
13.824237713265255, -3.5543878683100516
13.824237713265255, -2.928963356950355
13.830058640751922, -3.057756950821215
13.855088628944571, -4.020394691670887
13.876626060645222, -4.289299248640923
13.886812683746882, -4.563645134315777
13.910096393693529, -4.878296608102552
13.971328073216704, -5.0437943412837
14.01632832032513, -4.362442298748867
14.025059711555123, -4.840880429315398
14.040776215769114, -4.577173589042388
14.047761328753111, -4.2724680987379955
14.094910841395077, -3.9282655099947377
14.09927653701007, -3.727094256055672
14.10364223262507, -3.525923002116606
14.107522850949508, -4.775131195610733
14.121105015085057, -3.2137597890561125
14.130709545438052, -4.406484179210075
14.132746870058376, -4.576749032884429
14.13492971786588, -4.2188592143286385
14.14480450556647, -4.015895769356874
14.149793871983611, -5.050630916501532
14.154489746258562, -3.4021527448172293
14.15603058000503, -3.650125741943306
14.15603058000503, -3.820298901935935
14.205799510016, -4.743263227665025
14.222971246101658, -4.570056204769976
14.23170263733165, -4.362200792182918
14.243344492304978, -4.000303468519647
14.255817908347822, -4.19351296753775
14.267792387748962, -3.787508052395971
14.287001448454944, -3.530883175432372
14.324837477118251, -3.9589479903255054
14.335420981639459, -3.1561788140685323
14.337643517588916, -2.9412422938596663
14.347497516262763, -3.4007037054216056
14.348121187064905, -2.7739027658711635
14.359763042038225, -3.806219238027566
14.363401121717395, -3.6680849132834297
14.431797019685675, -4.090269972167427
14.451650540220548, -3.702451032224289
14.451650540220548, -3.916291030593605
14.45192772724372, -4.288660185112597
14.455808345568158, -4.480037418931545
14.48607716849881, -3.474760764994471
14.487823446744812, -3.2039631680960596
14.506533570809083, -2.8945080663543834
14.565435813233641, -3.153614003079234
14.573197049882523, -2.9774975072370253
14.575137359044753, -3.339208702763038
14.579503054659746, -3.5032037363618826
14.583868750274746, -3.6743842537768927
14.58511609187903, -4.060682233138294
14.591352799900456, -3.8641192429474884
14.59260014150474, -4.164191416514804
14.616854006032497, -1.2358314173999787
14.62117560371199, -1.5678431600204803
14.623783681611862, -2.7054100175774636
14.627525706424713, -2.0567555823488135
14.630436170168046, -1.8457407684812352
14.632764541162715, -2.2506434936573285
14.642301906967788, -2.470705076796669
14.724116721906533, -2.687096388908259
14.733393825088392, -2.8581582761749544
14.749765183644634, -3.002900034788823
14.758496574874627, -3.7063172604139183
14.758496574874627, -3.875319839770306
14.76286227048962, -3.1751885896361856
14.76722796610462, -3.352261203780472
14.76722796610462, -3.529311525010975
14.76722796610462, -4.23751280993298
14.789056444179607, -5.337482330630749
14.791407203356911, -4.485259105274331
14.7934221397946, -5.14221275406603
14.794877371666274, -4.956585605807739
14.796696411505849, -4.729581509156191
14.804648214233168, -3.7640367988889594
14.812425756001062, -4.137856928602808
14.817433465677084, -3.944026600036281
14.822526777227914, -3.0789203569684673
14.831840261206573, -2.905136690703671
14.835138786782352, -3.533235077836025
14.835914910447244, -3.279645752631957
14.9074759377364, -3.783531553900694
14.914120783268054, -4.08440901214442
14.93050498210551, -4.282609145215922
14.972415660009482, -4.6060741224651025
15.001728187710178, -4.930816059046869
15.003848668437463, -4.415771407090283
15.011706920544455, -4.76991217679609
15.016072616159455, -5.458016399946594
15.020438311774448, -5.248126758977243
15.078647586641083, -5.043206580037726
15.087794758405828, -4.8410058711873845
15.10372235119901, -4.666380455528731
15.111110451470537, -4.443557637791976
15.165961498941023, -3.906908898594736
15.16887196268435, -3.7406037618055734
15.177603353914343, -4.177908989459965
15.23747575092002, -3.7708456916973745
15.25502168948696, -3.994279286276239
15.271267368927006, -4.216675015435463
15.338737210249683, -4.541124055942255
15.339134091669237, -4.967412530932926
15.339134091669237, -5.133732529664613
15.340880369915233, -4.772397836682423
15.34349978728423, -5.317243337308184
15.349736495305649, -5.521227956966122
15.368820821851209, -4.379005933686436
15.37405965658921, -2.425845732335574
15.376410415766514, -3.231560509224458
15.37842535220421, -3.942867368519792
15.37842535220421, -4.194135753700458
15.37842535220421, -3.488744791337659
15.37842535220421, -3.665795112568162
15.37842535220421, -2.669312216941293
15.37842535220421, -2.8886131830108965
15.37842535220421, -2.969090601752029
15.431607462423258, -4.76181376920885
15.450459329851661, -5.123235353889065
15.45118694578749, -4.580798912220892
15.452157100368602, -4.975143218033303
15.499937213488295, -4.262714948959811
15.541702368205094, -4.428979958504179
15.582157814237398, -4.577890925467969
15.614172915414045, -4.840819566122228
15.633090929745705, -5.084264553989655
15.65034582193831, -5.345712662084381
15.659576149810015, -5.635938374105841
15.709704607695159, -5.6615684059424325
15.814121774580912, -5.755834122990493
15.833251459002987, -5.5986350334913695
15.880480347928867, -4.87494524006447
15.884263950795201, -5.238990751362159
15.884846043543867, -5.027299789881127
15.951786709640487, -5.593793868306236
15.95469717338382, -5.799473244809434
15.96051810087048, -5.981918451174394
15.984165618785049, -5.34626759640237
16.0142293863156, -6.044379817868126
16.025094015175647, -5.860023120810929
16.026602748219062, -5.590756932346174
16.04201108568376, -6.24308142228621
16.04201108568376, -6.389550324395081
16.07257095498874, -4.9242125795154195
16.079119498411238, -5.117391823864814
16.0985353552253, -5.372265533785544
16.187876680349547, -5.518677385360263
16.22245983777031, -5.685489576658902
16.2847437618776, -5.949773555699743
16.327460414356644, -6.187461974279948
16.330146996273562, -5.748811855150201
16.343244083118556, -5.517103767917057
16.361580004701544, -5.96948049148012
16.367567244402117, -6.479507963955712
16.375986800231033, -6.6942532138595325
16.420371372316836, -6.590529859275641
16.421535557814167, -6.139325742977341
16.451592710654396, -6.395592514680523
16.524924185250356, -6.792050940477083
16.52573015982543, -6.942485923431143
16.547184435419133, -6.606889673287256
16.57337860910912, -6.3736389164206315
16.574625950713397, -6.081627223535293
16.619530248467655, -6.1393403926064
16.696865427933318, -6.353862713372429
16.712387901231082, -6.669815845624832
16.73373130201552, -7.276188054386537
16.734909346864008, -6.9768947173783715
16.73615668846829, -7.450568179944433
16.796029085473968, -6.609310046783229
16.80018689082158, -6.345001280145389
16.843116231035715, -6.785163716249102
16.929494637132443, -6.927302538326657
16.954441469218146, -7.306823471899321
16.99024017326112, -7.6498400776295625
16.991986451507117, -7.888866928456245
16.992641305849368, -8.117828528711847
17.00573839269436, -7.491177509006576
17.0155612078281, -7.259998798858128
17.09152431152905, -7.433873016815561
17.12858421652747, -7.2656856150063405
17.140711148791347, -7.047564315624207
17.150897771893014, -7.645831811732137
17.159629163123007, -7.87724897644047
17.168360554353, -8.080499044589402
17.18707067841727, -8.319727487050685
17.18931589330498, -8.846751076991161
17.190189032427988, -8.633490375909908
17.20134581011075, -7.495864903752349
17.21298766508408, -7.667609511503521
17.222495179978964, -7.8667055428688215
17.225405643722297, -8.056647113040427
17.299331422802908, -8.218711056760341
17.388660271540544, -8.57748869017432
17.3921024546216, -8.808956228293582
17.39624986545585, -8.361724151907808
17.396831958204515, -8.999108280726112
17.443399378097816, -7.863273177244032
17.44514565634381, -8.075474221823676
17.526347594782756, -8.237916739752109
17.533623754141082, -8.060903573377914
17.53428522317366, -8.380865658329611
17.541627529435246, -7.8691399290534605
17.552541768472743, -7.718702888291979
17.556907464087736, -7.523165053664798
17.587467333392716, -8.666100450185397
17.628698903089912, -8.080167127873139
17.62978099858423, -7.635896031544924
17.63461684603468, -8.253492055512169
17.63694521702935, -7.870967947983317
17.637287624528568, -8.46539800310962
17.64235036398125, -8.704894897213308
17.679146941307657, -9.43915182128967
17.69090073719419, -8.996895566130291
17.691370889029642, -9.289526242589737
17.752636150826774, -8.791013219315943
17.753363766762604, -8.55472629144218
17.810117809757564, -9.080690127570705
17.85231953403587, -8.621849016334664
17.859304647019876, -8.85607397353342
17.87669466788627, -9.095113642785535
17.918012858528208, -9.30183543416775
17.965411839491033, -9.542360050330167
18.072395369396993, -9.58818595183866
18.080790937887386, -9.753052766979216
18.093888024732372, -9.115336102197041
18.10386675756665, -9.30278447535433
18.135957455204164, -8.51709157454573
18.137544980882346, -8.268936586178064
18.14191067649734, -8.73170403685338
18.14560472663311, -8.9583596924045
18.204221059365942, -9.262222084456418
18.220493197567286, -9.723587108192206
18.223888738601175, -9.498714771420751
18.287433863663914, -9.02712861560314
18.30955338811323, -9.241982145373882
18.348345712006484, -9.509825135021124
18.390755326552174, -9.811257176328951
18.417743263081242, -9.739592406971056
18.46933784762212, -9.519640386487694
18.491166325697108, -9.335995078264325
18.566630492756346, -9.17006042847082
18.61486103478869, -9.295717356294638
18.690309210288895, -9.475577584984315
18.792399323131903, -9.508121029949677
18.88359385375628, -9.754246057113981
18.888444626661837, -9.939368890122793
18.891355090405163, -10.197805685578523
18.892810322276837, -10.399006663402623
18.893295399567393, -9.568303340276188
18.921914959710143, -9.346242387631271
18.936467278426804, -8.801752830528834
18.938451685524534, -9.072093929351922
19.00413556045926, -9.343309011726554
19.007628116951253, -9.125635428362806
19.01577741543258, -8.806181689399544
19.063072451261718, -9.66638189908506
19.063072451261718, -9.9612741549008
19.070556500887427, -9.859565920487405
19.0825501701594, -9.422484438561042
19.138926412572296, -9.587441497131415
19.216495468588768, -9.392967273344127
19.2377002758616, -9.172682393601384
19.278975943494302, -9.648880514176973
19.31482756505988, -9.34891939502753
19.323426662483364, -9.08210750089561
19.339202698910285, -9.509998701278398
19.37068608074921, -9.751436959440142
19.37565625729551, -10.155211358318667
19.379585383349003, -9.985021681303564
19.440268552397463, -9.545522459384777
19.44812680450446, -9.371731362148715
19.448999943627456, -9.129767048383123
19.45744028848312, -8.91037505291559
19.460350752226454, -8.67646888438388
19.494403178023425, -9.653638632628756
19.50837340399142, -10.471897060487741
19.514921947413917, -10.297562759252607
19.52247795905526, -10.08464571201145
19.525108570515577, -9.834869618289886
19.555522916633386, -9.409299380448601
19.580719217039942, -9.180412302219054
19.588047348965112, -9.604824396650365
19.59132162067636, -8.975440637264391
19.59374700712914, -8.742068507867188
19.65244135928632, -9.490808218000566
19.654624207093818, -9.07099549669119
19.65680705490132, -9.292319544686208
19.715743945703778, -8.864748889381836
19.720255164505943, -8.540447927865962
19.722292489126275, -8.131096527895807
19.722292489126275, -7.948681045415896
19.726658184741268, -8.681047848874016
19.726658184741268, -8.302803980790678
19.776621145668464, -9.122140394880375
19.779046532121235, -9.555501324914964
19.779919671244237, -9.3734256235959
19.84453196634619, -10.00952716677481
19.847310136283006, -9.823711677172227
19.86344998067785, -9.328248290726222
19.880548955169914, -9.551492780356135
19.9442713200119, -9.753127791208279
20.014794095331084, -10.038831945034048
20.019159790946077, -10.245815333143788
20.0508110841548, -9.823470508377703
20.062816747096043, -9.598597428509123
20.123936485706004, -10.183980363550091
20.124809624829005, -10.011763146026816
20.138124996454742, -9.81586862477917
20.17195913747097, -9.62007888022628
20.180690528700964, -9.42536811270029
20.189421919930957, -9.232266893549117
20.19815331116095, -9.040775222772766
20.269347731959364, -8.924013171629603
20.275644408327153, -8.726101827620788
20.302930005920885, -9.171683671064109
20.31166139715088, -9.358435868371096
20.32039278838087, -9.622647581216434
20.32039278838087, -9.883193224390872
20.363176605407837, -10.232683692282436
20.36404974453084, -10.443740181513824
20.36928857926884, -10.036350000633348
20.38899657661654, -9.86974741268034
20.4251694831408, -9.693801546092473
20.45136365683078, -9.477451047161487
20.48192352613576, -9.243216615474374
20.537090043452544, -9.34729589669302
20.541588032874053, -9.519491767062505
20.56545383556937, -9.110251831661238
20.577968829665693, -8.8503736754802
20.610711546778177, -9.781061026527937
20.627579007108842, -9.382875387083843
20.654914214880016, -9.567015614881669
20.730768176190594, -9.718968759554386
20.817354472554705, -10.038637996684173
20.821574644982526, -9.820565741712343
20.826813479720528, -10.223784361101977
20.853007653410508, -9.516722801396902
20.890843682073815, -9.077978751932363
20.901030305175475, -8.952620124526248
20.920239365881464, -9.271408791561775
20.96901042260901, -9.489866607785245
21.04771767783938, -9.690542322098032
21.07711336164703, -9.585267009166579
21.117859854053663, -9.27429572389611
21.1647183203213, -9.427978612903772
21.254651649990237, -9.524352297809102
21.31826607180877, -9.79459003857739
21.327413243573524, -10.04750190690163
21.32886847544519, -10.204216756032714
21.382540850947215, -9.54729802439985
21.394353909670144, -9.38971728498538
21.455473648280105, -8.894288486332869
21.459839343895098, -9.065727681165278
21.47099612157787, -9.24972026344551
21.50010075901119, -9.47073468763805
21.516593386890065, -9.71761632278514
21.52532477812006, -9.82496413360088
21.55928018845892, -10.045109134156043
21.58993707322201, -9.748840520920723
21.622617423254276, -9.46561191759401
21.630101472879986, -9.24606174859538
21.63883286410998, -9.028817303821874
21.695330101480536, -8.523518252026442
21.698705261115656, -8.981411422671442
21.698705261115656, -8.757799166312147
21.705773530206606, -8.150166877138275
21.708683993949933, -8.264638512401525
21.731967703896586, -9.238534174709443
21.737372850848487, -9.455850806060901
21.739243863254913, -9.701316487327276
21.752340950099907, -10.177541426953674
21.7567066457149, -9.962957269891085
21.827181446356995, -9.78396746516183
21.835289166784847, -9.25851048319798
21.835289166784847, -9.045915968690139
21.837472014592343, -9.534827433999432
21.921595610865943, -9.865988239472273
21.924058310956454, -10.10196473375823
21.97208096272142, -9.66360802367059
21.98808851330974, -9.453911959502555
22.0026408320264, -9.265400851298416
22.024261419834005, -9.037683514101865
22.082118880401993, -8.795839206439148
22.100349257695378, -8.966792048285562
22.10159659929967, -8.627183710601905
22.12633554111799, -9.193602806988451
22.167518603086123, -9.395274908390412
22.248283971963566, -9.571932874338408
22.288130866485908, -9.740334153011325
22.370254790991794, -9.964852167562277
22.381001118659476, -10.086861284673148
22.427568538552784, -9.78396746516183
22.44608967146489, -9.544336881697447
22.45085224849943, -9.304977461129752
22.462494103472757, -9.04643613667831
22.49700388785797, -9.278080742185544
22.526866713325262, -10.000501159390161
22.539136315380482, -9.752346205461947
22.554537519355613, -9.543518883758907
22.60365159502433, -8.608823266813758
22.608017290639324, -8.918951879943386
22.615584496371987, -9.216220454211204
22.674957956735945, -9.414140410525164
22.73462246347424, -9.094770889236173
22.73898815908924, -8.9072807964831
22.741003095526928, -9.2907350329684
22.78992127459754, -9.477321005164441
22.81233184542119, -9.758301633528404
22.81931695840518, -9.966773816730004
22.86821274929315, -9.459479243170215
22.874324723154146, -9.201446197152926
22.87869041876914, -10.053187838410402
22.89397035342163, -9.748122317548486
22.90613193406341, -9.982622804545876
