7.182900288838766, 262.30015600031385, 22, 91.45454545454548
7.254018994993885, 263.02947772589675, 18, 51.611111111111136
7.391359275552759, 260.7142483554222, 16, 40
7.483081229706919, 258.39901898494765, 16, 40
7.649054289604926, 260.1219803769287, 16, 40
7.705834546938448, 260.4450356379252, 16, 40
7.846474876641501, 259.70200853763333, 15, 35.199999999999996
7.915484727862243, 259.20665713743875, 16, 40
7.957877227681394, 260.821933442421, 17, 45.882352941176464
8.10329634827314, 259.5993909841403, 17, 45.88235294117648
8.181478394909306, 259.3251107331375, 20, 62.750000000000014
8.33915280181241, 258.29133389794885, 16, 40
8.447472061956368, 261.31728484261555, 15, 35.199999999999996
8.535699846428471, 260.7142483554222, 16, 40
8.697305194223894, 261.8449417689098, 16, 40
8.768216284830466, 259.03562788161713, 17, 45.88235294117647
8.900646457666177, 260.9176535197533, 18, 51.388888888888914
8.98120648089153, 260.4450356379252, 16, 40
9.049148669153865, 259.32630723410415, 18, 51.388888888888914
9.130479465103207, 262.01913823317255, 17, 45.88235294117648
9.285005122693136, 263.74139580105566, 18, 51.388888888888914
9.348094297508169, 263.8371158783879, 16, 40
9.426713115354595, 265.23702200937254, 16, 40
9.509097202254964, 260.77366081721465, 29, 163.03448275862058
9.544641342124223, 263.02947772589675, 16, 40
9.562112190534542, 263.81444533375657, 19, 57.15789473684212
9.889690598227972, 264.4293838568814, 16, 40
9.981412552382132, 264.2140136828838, 16, 40
10.123363195715946, 264.012104144761, 16, 40.75
10.183297911790227, 263.436288054559, 18, 51.388888888888886
10.289648235049853, 265.7216049008672, 14, 30.35714285714286
10.357035793203927, 264.9519732496698, 17, 45.88235294117648
10.496802580486452, 267.55225137984706, 16, 40
10.671511064589616, 266.9061408578542, 16, 40
10.79277930649652, 266.0351585365402, 17, 45.882352941176464
10.824380988179882, 265.1293369223737, 16, 40
10.945803384631574, 267.64916795814605, 15, 35.199999999999996
11.080020608301425, 264.83161932890636, 17, 46.1176470588235
11.172606762176407, 265.0730469905334, 44, 463.1590909090909
11.24804906213005, 264.4293838568814, 16, 40
11.307013175514868, 264.1197892317598, 16, 40.75
11.331035592079054, 264.8370488290912, 14, 30.357142857142865
11.374712713104842, 264.8831995806621, 14, 30.357142857142865
11.390311684899771, 268.19836190184, 14, 30.35714285714286
11.419198669705182, 264.36357630371543, 27, 149.18518518518508
11.427125258335792, 270.1597688436042, 14, 30.357142857142865
11.453506239435377, 269.0361518786908, 25, 115.28000000000006
11.489082063346444, 267.45852547079255, 27, 206.81481481481478
11.512607623771984, 264.53706894388023, 14, 30.35714285714286
11.514479500387374, 269.5444254893252, 12, 23
11.522206991030394, 264.01106871123216, 13, 26.153846153846157
11.530078472182304, 258.8297593329429, 14, 30.35714285714286
11.531950348797686, 265.20625484165856, 14, 30.357142857142865
11.534570976059236, 260.821933442421, 10, 15.600000000000001
11.537325994462392, 262.90108396832125, 26, 142.19230769230768
11.55137913711605, 267.011969305422, 29, 201.03448275862098
11.584362894028637, 260.74501552313615, 14, 30.357142857142865
11.601833742438956, 261.32959170970116, 14, 30.357142857142865
11.601833742438956, 255.40691192476623, 14, 30.357142857142865
11.621176467464657, 266.2600303358613, 14, 30.35714285714286
11.637783372821723, 257.11922314330786, 13, 26.153846153846157
11.6542462876699, 247.54590057385258, 14, 30.357142857142865
11.673589012695608, 254.63004093998904, 14, 30.35714285714286
11.685236244969154, 253.95059931963937, 21, 70.19047619047619
11.72303775328551, 255.96264389159938, 24, 102.25
11.741600529721481, 253.79163561978396, 14, 30.357142857142865
11.771950529203508, 258.5356962107538, 39, 371.8974358974361
11.811483923362744, 257.1914076521752, 14, 30.357142857142865
11.83581831936283, 254.3069856789926, 14, 30.35714285714286
11.855161044388538, 253.6377997812142, 14, 30.357142857142865
11.87263189279885, 251.59178312823673, 14, 30.357142857142865
11.896966288798936, 255.92226198397486, 14, 30.35714285714286
11.918180890440034, 258.6143891589453, 14, 30.35714285714286
11.929412150132379, 250.71748277903203, 12, 23.66666666666667
11.94064340982473, 248.92273132905177, 14, 30.35714285714286
11.959986134850432, 254.00700579378162, 14, 30.357142857142865
11.984320530850518, 255.38383654898075, 14, 30.35714285714286
12.00686624475145, 247.8494699619635, 15, 35.466666666666654
12.010526803465993, 249.67652693804348, 14, 30.35714285714286
12.029869528491695, 248.40738126984314, 14, 30.357142857142865
12.049212253517403, 253.12244972200563, 14, 30.35714285714286
12.07020663438022, 251.06693144370468, 17, 45.88235294117647
12.098744988570829, 255.69446660763117, 13, 26.153846153846157
12.117223770543276, 253.03784001079225, 14, 30.357142857142865
12.157027637440386, 251.0733853778866, 53, 596.0377358490565
12.249584437304044, 249.22627842211364, 69, 1546.6376811594173
12.305035390954174, 245.29374389719163, 10, 15.600000000000001
12.312426903743159, 250.74923607391628, 13, 26.92307692307692
12.335609375672227, 246.96132438728756, 14, 30.357142857142865
12.358791847601303, 244.2964143222179, 13, 26.92307692307692
12.381158373313411, 243.0000515441168, 14, 30.35714285714286
12.396757345108334, 245.28451374687745, 14, 30.357142857142865
12.41926786132931, 246.51224207392437, 26, 142.5
12.42296361772381, 247.65358566085143, 14, 30.357142857142865
12.457233358836355, 245.9862418412763, 26, 148.96153846153845
12.488479299262494, 244.3999576751014, 12, 23
12.501582435570235, 243.19234634232896, 14, 30.357142857142865
12.512813695262587, 246.7536460052184, 14, 31.571428571428577
12.536524132390866, 249.91497248782656, 14, 30.357142857142865
12.555866857416568, 244.2922725881026, 14, 30.35714285714286
12.571465829211498, 240.28484899336092, 14, 30.357142857142865
12.580201253416654, 247.00747513885852, 14, 30.357142857142865
12.597672101826973, 248.0843260088467, 14, 30.357142857142865
12.623878374442448, 246.96132438728756, 14, 30.357142857142865
12.648212770442534, 243.96921732710615, 14, 30.35714285714286
12.667555495468235, 242.54623582033605, 14, 30.357142857142865
12.691141140822161, 244.2384300446032, 10, 15.600000000000005
12.712240550056165, 241.58772021078613, 13, 26.153846153846157
12.730575341519732, 247.3074550240695, 14, 30.35714285714286
12.754909737519817, 240.00794448393538, 14, 30.357142857142865
12.779244133519903, 241.49246032613337, 14, 30.35714285714286
12.811689994853339, 242.19241339162568, 25, 112
12.816057706955924, 237.4850367313917, 14, 30.357142857142865
12.844135856186789, 239.33875858615704, 14, 30.35714285714286
12.868470252186874, 241.2540147763503, 14, 30.357142857142865
12.885941100597186, 239.42336829737036, 14, 30.357142857142865
12.91027549659728, 238.80033315116293, 14, 30.35714285714286
12.93149009823837, 238.15422262917002, 14, 30.35714285714286
12.947089070033293, 237.5927218183905, 14, 30.357142857142865
12.95481656067632, 240.72623951479562, 13, 26.153846153846157
12.973631320502818, 237.14778123914266, 13, 26.92307692307693
12.992950047110376, 239.42849615865606, 12, 22.91666666666667
13.016972463674563, 234.68522446942245, 14, 30.357142857142865
13.034443312084875, 238.85417569466233, 12, 23
13.06064958470035, 237.91577707938694, 14, 30.357142857142865
13.078456410964712, 241.5628698060941, 13, 26.92307692307693
13.121797554136457, 234.79290955642125, 14, 30.357142857142865
13.165474675162251, 236.88507696096968, 14, 30.357142857142865
13.19168094777772, 234.1929497859993, 14, 30.357142857142865
13.209151796188038, 239.42336829737036, 14, 30.357142857142865
13.2596924648036, 240.4156094561452, 14, 30.35714285714286
13.29650603823962, 236.83892620939878, 14, 30.357142857142865
13.42058141537585, 238.04853171044903, 27, 200.37037037037027
13.47994994654794, 240.22331465793303, 14, 30.357142857142865
13.524500609994249, 235.79591922389596, 15, 35.199999999999996
13.59538233783038, 243.86153224010735, 14, 30.35714285714286
13.621588610445855, 237.2927419331795, 14, 30.35714285714286
13.637187582240784, 238.53112043366588, 12, 23
13.707070975882047, 241.57707003734674, 14, 30.357142857142865
13.721921197030817, 237.88500991167302, 10, 15.600000000000005
13.750748096907842, 241.0847953539236, 14, 30.357142857142865
13.820295512695054, 239.08611280512133, 13, 26.92307692307693
13.866180488190281, 237.93885245517242, 14, 30.35714285714286
13.90697779903855, 237.60337199182993, 13, 26.153846153846157
13.934192005216161, 240.54636991892949, 14, 30.357142857142865
13.996347908214396, 235.90526100454093, 13, 26.153846153846157
14.017178535165158, 237.83116736817357, 12, 23
14.054616067472985, 241.2770901521357, 14, 30.35714285714286
14.08082234008846, 232.877653366228, 14, 30.35714285714286
14.115956024254253, 236.36913522545888, 13, 27.692307692307697
14.161313034550268, 239.28491604265764, 24, 106
14.183151595063165, 236.37741869368955, 11, 20
14.19812660798629, 238.36959280316768, 14, 30.35714285714286
14.23119642819153, 236.56202169997323, 14, 30.357142857142865
14.240223033203534, 239.1915889672586, 15, 35.46666666666666
14.255530824191617, 238.58496297716533, 14, 30.35714285714286
14.268010001627552, 240.20023928214755, 14, 30.35714285714286
14.294216274243027, 239.0157033251606, 14, 30.35714285714286
14.302951698448183, 235.78515071519604, 14, 30.35714285714286
14.336021518653432, 242.0539611369129, 14, 30.357142857142865
14.365347585627894, 238.48112378613075, 28, 184.3928571428572
14.369091338858674, 240.3079243691464, 14, 30.35714285714286
14.411192142734663, 242.56080974188478, 19, 58.42105263157894
14.438974732499936, 240.95403489113926, 14, 30.35714285714286
14.458317457525645, 238.60803835295076, 14, 30.357142857142865
14.493259154346276, 242.0539611369129, 14, 30.357142857142865
14.518457493399616, 241.15697986279088, 13, 26.153846153846157
14.527909670360067, 243.17593718621487, 15, 35.46666666666666
14.536936275372064, 235.80822609098152, 14, 30.357142857142865
14.54754357619261, 241.70783050013102, 14, 30.35714285714286
14.566262342346526, 239.8079578937947, 21, 73.14285714285708
14.57288590575483, 239.11096320981335, 13, 26.153846153846157
14.589348820603014, 235.26980065598747, 14, 30.357142857142865
14.607867919917943, 237.90439322733278, 50, 573.1599999999995
14.626162394039035, 240.09255419514875, 14, 30.35714285714286
14.658423378669738, 234.45105213737742, 27, 149.18518518518502
14.659232214244277, 233.39300342543663, 14, 30.357142857142865
14.683566610244362, 237.5081121071771, 14, 30.35714285714286
14.692302034449526, 228.8933051472718, 14, 30.35714285714286
14.702909335270071, 228.16258491406552, 14, 30.357142857142865
14.713516636090617, 230.50858145225402, 14, 30.35714285714286
14.727243731270157, 234.49292967121028, 14, 30.35714285714286
14.737851032090703, 231.4546718594579, 14, 30.357142857142865
14.757193757116404, 224.5859016673191, 14, 30.35714285714286
14.807062470023872, 227.69910514401568, 78, 2225.910256410256
14.81322928934489, 228.4121959682609, 31, 202.4516129032257
14.816469849937121, 226.50115785751234, 14, 30.357142857142865
14.85141154675776, 233.14686608372506, 12, 23
14.864514683065494, 232.19923731813543, 10, 15.600000000000001
14.888225120193773, 230.61626653925288, 14, 30.35714285714286
14.921573730533218, 228.61263656945567, 47, 520.1702127659577
14.971835609014583, 229.7547858432623, 14, 30.35714285714286
14.982442909835129, 227.62415947907147, 14, 30.357142857142865
15.007641248888469, 228.34245450993166, 13, 26.153846153846157
15.030487742963494, 225.3396972763108, 12, 23
15.06979715188671, 228.97791485848512, 14, 30.357142857142865
15.0916357123996, 234.46062414511061, 10, 15.600000000000001
15.129073244707428, 229.6471007562635, 14, 30.35714285714286
15.141552422143363, 228.57024988627535, 28, 200.71428571428567
15.176494118963994, 227.81645427728358, 14, 30.35714285714286
15.21642748675901, 230.18552619125757, 14, 30.35714285714286
15.2376420884001, 228.2471946252789, 14, 30.35714285714286
15.27843939924837, 225.75801242196007, 13, 26.153846153846157
15.31626090624652, 227.60108410328598, 14, 30.35714285714286
15.342467178861995, 228.8933051472718, 14, 30.35714285714286
15.377408875682626, 225.3396972763108, 14, 30.35714285714286
15.406110983785297, 224.6935867543179, 12, 23
15.41921412009303, 226.07041750951709, 14, 30.357142857142865
15.460111787962632, 223.22025897310687, 11, 19.27272727272727
15.54251799252738, 223.4966255949849, 13, 26.153846153846157
15.646335149427138, 222.73217981255374, 14, 30.357142857142865
15.655070573632301, 225.14740247809863, 14, 30.357142857142865
15.700619571273478, 222.1091446663463, 14, 30.35714285714286
15.776143553115787, 224.62682200037864, 25, 152.40000000000006
15.840386358556003, 222.32451484034397, 14, 30.35714285714286
15.924995181571681, 223.60596737562986, 25, 116.00000000000004
15.934604148197359, 221.97838420356203, 14, 30.357142857142865
15.99474418407133, 223.71199576898255, 13, 26.153846153846157
16.013222966043777, 222.3475902161294, 14, 30.357142857142865
16.014566877459956, 224.41609056859022, 26, 159.73076923076925
16.05877196368496, 220.9246087093593, 14, 30.35714285714286
16.080194551616664, 224.20003010557332, 12, 24.583333333333332
16.109312632300522, 222.3475902161294, 14, 30.357142857142865
16.132739451759804, 220.85118705913288, 11, 19.27272727272727
16.147278129807553, 224.80541357543206, 13, 26.92307692307692
16.161725177531466, 226.17810259651588, 14, 30.357142857142865
16.18605957353155, 221.4630341443534, 14, 30.35714285714286
16.20540229855726, 227.301104218075, 14, 30.357142857142865
16.22100127035219, 223.18599553633447, 14, 30.35714285714286
16.24000801752384, 220.45659275432598, 13, 26.92307692307693
16.257814843788204, 218.53246141959988, 14, 30.357142857142865
16.275285692198523, 214.16352360421934, 14, 30.357142857142865
16.292756540608842, 212.79438464094864, 12, 23
16.314595101121732, 214.5711885764291, 12, 23
16.33643366163463, 212.3944114606673, 14, 30.357142857142865
16.35203263342956, 214.78655875042676, 14, 30.35714285714286
16.37137535845526, 211.14834116825244, 14, 30.357142857142865
16.38884620686558, 209.42537977627137, 14, 30.357142857142865
16.397581631070736, 219.33240778016255, 14, 30.357142857142865
16.406317055275892, 212.87130256023352, 14, 30.357142857142865
16.430339471840078, 211.7534287999601, 12, 22.91666666666667
16.456857723891453, 217.15563066440075, 14, 30.35714285714286
16.467465024712, 213.90200267865072, 14, 30.357142857142865
16.507939156862562, 207.89112367960252, 15, 35.46666666666665
16.571067155785173, 208.49990337143578, 25, 176.4000000000001
16.651916866582454, 213.07602256079173, 13, 26.153846153846157
16.72079232666158, 213.94815343022168, 14, 30.357142857142865
16.729527750866744, 210.17917538526308, 14, 30.357142857142865
16.79663169135182, 205.45221961830202, 11, 19.27272727272727
16.868286604587134, 205.10732612287927, 13, 26.153846153846157
16.928570630969993, 202.83351409355805, 14, 30.35714285714286
16.968408005092414, 207.45983110039185, 13, 26.92307692307692
16.991590477021482, 204.25649560032815, 14, 30.357142857142865
17.08801612113227, 202.0424428775283, 13, 26.92307692307693
17.154784083763303, 207.64507957173248, 11, 19.27272727272727
17.161931249022068, 198.5261106136054, 12, 23
17.234310478150526, 198.20305535260894, 14, 30.35714285714286
17.28672302338147, 202.83351409355805, 14, 30.35714285714286
17.28859489999686, 195.81090806284948, 14, 30.357142857142865
17.310433460509756, 194.54176239464914, 12, 23
17.35847829363812, 190.4266537129086, 14, 30.357142857142865
17.38367663269146, 192.9389112920129, 13, 26.153846153846157
17.393419990458753, 200.7028877293672, 14, 30.357142857142865
17.410554861015022, 191.81235961264065, 13, 26.92307692307693
17.435225234869158, 190.66509926269174, 14, 30.35714285714286
17.461431507484633, 192.92648608966687, 14, 30.35714285714286
17.494925619722693, 191.459815204743, 25, 117.28000000000013
17.546289914049012, 192.39959834256553, 28, 158.67857142857136
17.585599322972236, 196.88775893283764, 14, 30.357142857142865
17.61180559558771, 195.70322297585068, 14, 30.357142857142865
17.63801186820318, 193.11878088787904, 14, 30.357142857142865
17.664218140818654, 194.30331684486606, 14, 30.357142857142865
17.69042441343413, 191.44197024746893, 14, 30.357142857142865
17.706887328282313, 195.0926130319893, 13, 26.153846153846157
17.716630686049605, 189.4574879299193, 14, 30.357142857142865
17.74283695866508, 190.3189686259098, 14, 30.357142857142865
17.769043231280556, 191.61118966989562, 14, 30.357142857142865
17.79524950389603, 187.13456676751622, 14, 30.357142857142865
17.823327653126896, 191.095839610687, 14, 30.35714285714286
17.856397473332137, 189.42672076220532, 12, 23
17.882603745947605, 190.1497492034831, 14, 30.357142857142865
17.9069381419477, 191.6342650456811, 14, 30.35714285714286
17.962993257889693, 188.61471699807913, 37, 446.91891891891936
18.035473669537872, 187.64991682672485, 26, 124.5
18.09662163897398, 188.5113975227154, 26, 124.5
18.138426883384383, 184.7578030616138, 14, 31.571428571428577
18.172744621333223, 188.94213787071067, 14, 30.35714285714286
18.20144672943588, 185.55005763024792, 9, 12
18.214549865743614, 193.8110421614429, 14, 30.357142857142865
18.248359192759885, 188.62107677799196, 27, 249.03703703703687
18.295040560205436, 188.94213787071067, 14, 30.35714285714286
18.32623850379528, 187.00380630473194, 14, 30.35714285714286
18.361180200615912, 188.6190826097142, 14, 30.35714285714286
18.40672919825709, 188.24218480521836, 28, 219
18.473180818103465, 187.1768716231229, 28, 205.3571428571428
18.500946987898445, 190.88046943668934, 14, 30.35714285714286
18.520289712924146, 187.56530711551153, 14, 30.357142857142865
18.581437682360253, 188.48832214692993, 14, 30.357142857142865
18.639382662921136, 188.4073019386165, 15, 35.46666666666665
18.67752734861699, 193.8110421614429, 14, 30.357142857142865
18.74741074225826, 191.18044932190037, 14, 30.357142857142865
18.806374855643078, 192.90853857516709, 12, 22.91666666666667
18.869706681130452, 188.3755091986455, 42, 570.1190476190482
18.993874496618076, 192.6034308286704, 14, 30.35714285714286
19.1142985588749, 189.13443266892284, 14, 30.357142857142865
19.15360796779811, 190.9881545236882, 12, 23
19.282143495388297, 191.52657995868225, 14, 30.35714285714286
19.43938113108114, 186.89612121773314, 14, 30.35714285714286
19.44437280205552, 191.41889487168345, 14, 30.35714285714286
19.568540617543114, 188.8575281594973, 14, 30.357142857142865
19.60785002646633, 188.5113975227154, 12, 23
19.630696520541356, 191.3236349870307, 13, 26.153846153846157
19.795661646877228, 193.51875406816038, 12, 23
19.83060334369786, 189.2882685074926, 14, 30.357142857142865
19.85389780824495, 192.22653302417456, 12, 23.66666666666666
19.8848877655442, 195.94166852563376, 14, 30.35714285714286
19.8848877655442, 188.18834226171896, 14, 30.35714285714286
20.022782676211335, 193.65720632287315, 14, 30.357142857142865
20.146086548645684, 188.60665740736817, 13, 26.153846153846157
20.21496200872481, 190.36511937748077, 14, 30.357142857142865
20.22556930954537, 188.726767696713, 14, 30.35714285714286
20.40901321785369, 189.91130365370003, 14, 30.35714285714286
20.48763203570011, 189.91130365370003, 14, 30.35714285714286
20.538172704315663, 193.84180932915683, 12, 23
20.669204067393032, 187.67299220251033, 14, 30.357142857142865
20.820618086949104, 187.9191295442219, 12, 23.66666666666666
20.832681291803844, 192.58804724481342, 14, 31.571428571428577
20.968080366983806, 190.77278434969054, 14, 30.35714285714286
21.071033580830303, 188.21281614512776, 22, 81.86363636363637
21.114374724002047, 194.90209326268365, 13, 26.923076923076923
21.21691516505644, 189.96514619719943, 10, 15.600000000000005
21.35056715539536, 187.13456676751622, 14, 30.357142857142865
21.431806600503336, 187.70375937022425, 10, 15.600000000000001
21.56895276052432, 185.15008444996658, 14, 30.357142857142865
21.57956006134487, 186.78843613073434, 14, 30.35714285714286
21.725899215410315, 186.3971803146386, 15, 35.46666666666666
21.794201913243036, 187.8652870007225, 14, 30.35714285714286
21.831015486679057, 184.61165901497253, 14, 30.357142857142865
21.91836972873064, 190.68817463847722, 14, 30.357142857142865
21.93396870052557, 186.03464052174257, 14, 30.35714285714286
22.0591444495753, 187.31443636338236, 13, 26.153846153846157
22.13862721047498, 185.60390017374732, 14, 30.357142857142865
22.234716876731724, 191.2035246976858, 14, 30.357142857142865
22.24158042432149, 184.28860375397608, 14, 30.357142857142865
22.29586484616783, 187.1114913917308, 14, 30.357142857142865
22.354267396568027, 186.906889726433, 15, 35.19999999999999
22.55667965457897, 184.58089184725856, 14, 31.428571428571423
22.60846824093813, 185.0885501145387, 14, 30.357142857142865
22.657856985482674, 188.40785416983192, 13, 26.923076923076927
22.755098575810422, 189.91130365370003, 14, 30.357142857142865
22.837461146887627, 186.03464052174257, 14, 30.357142857142865
22.888001815503188, 189.13443266892284, 14, 30.357142857142865
