7, -15, 1250, 248684.88719999872
7, -15, 1250, 248684.88719999872
8.441412127976335, -16.1590954962672, 1250, 248684.88719999872
11.42256974308706, -14.635838300158575, 1242, 245520.43156199838
11.98274226565232, -12.590798487302592, 1243, 245915.99195494695
12.367384272731222, -11.72866483203083, 1253, 249869.6137270553
12.760415920667157, -13.312701994021452, 1251, 249079.4228617123
13.151538672632718, -13.172126939796499, 1243, 245922.6275140799
14.231095009189701, -13.613307361437606, 1250, 248671.3960000042
14.553987811930256, -10.85719119619938, 1254, 250267.49920255778
14.933424130972234, -11.12755579148181, 1244, 246310.14147909952
15.2553752300634, -10.81663409795862, 1251, 249090.83453237466
16.15662856908949, -10.676716202775928, 1245, 246706.06104417454
16.6283790725261, -10.605926368422047, 1247, 247495.25581395364
17.355924695423695, -11.227905143811114, 1248, 247886.2940705133
17.640508976586297, -10.325857356928715, 1250, 248672.74399999937
18.469957054661236, -10.706652837588479, 1248, 247872.9935897442
19.171006218451822, -10.656527516780372, 1253, 249863.23543495563
19.763876415573016, -10.345636928311492, 1249, 248274.8022417941
