6.779837150398819, -4.8201472269892065
6.849559522395744, -4.979995574216673
6.945427783891525, -5.330780599042896
7.076157231385771, -5.800060119769341
7.163310196381929, -6.079194424166644
7.259178457877709, -6.436529126362075
7.35504671937349, -7.1016986649199225
7.450914980869264, -7.7734178808470915
7.546783242365045, -8.405839032557651
7.642651503860826, -9.057909216376629
7.7385197653566, -9.762376819150859
7.8343880268523804, -10.466844421924975
7.930256288348161, -11.282656539979143
8.026124549843935, -12.026422206969755
8.121992811339716, -12.920830453456688
8.217861072835497, -13.893834828376612
8.313729334331278, -14.932335976990657
8.409597595827051, -15.898790674541146
8.505465857322832, -17.173080208453825
8.601334118818613, -18.49321748395255
8.697202380314387, -19.39596168345497
8.793070641810168, -21.454299332152573
8.888938903305949, -23.013397658438407
8.984807164801722, -24.47392709673659
9.080675426297503, -26.454407184981733
9.176543687793284, -28.13437955792267
9.272411949289058, -29.880993232150217
9.368280210784839, -30.964355718916295
9.46414847228062, -31.723686501537827
9.560016733776393, -32.697857257359146
9.655884995272174, -33.89581795211734
9.751753256767955, -35.26952145238056
9.847621518263729, -36.67675173506166
9.94348977975951, -37.728352238414686
10.03935804125529, -38.87164822493912
10.135226302751065, -40.394825498889304
10.231094564246845, -41.970400191794965
10.326962825742626, -43.36913359572634
10.422831087238407, -44.571376678575575
10.51869934873418, -45.793268793533
10.614567610229962, -46.96276348953518
10.710435871725743, -48.26325173292548
10.806304133221516, -49.88265888207263
10.902172394717297, -51.886345542741424
10.998040656213078, -54.115852199480855
11.093908917708852, -55.675681362774526
11.189777179204633, -56.88778841756573
11.285645440700414, -57.88044182459396
11.381513702196187, -58.879644908991395
11.477381963691968, -59.80025186495618
11.57325022518775, -60.61606398301012
11.669118486683523, -61.15023997417984
11.764986748179304, -61.52067403111414
11.860855009675085, -61.85835970120138
11.956723271170858, -62.25499246761342
12.05259153266664, -62.7040226529806
12.14845979416242, -63.19235090256427
12.244328055658194, -63.7527256032115
12.340196317153975, -64.37859707755274
12.436064578649756, -64.92587242346121
12.53193284014553, -65.63034002623533
12.62780110164131, -66.52474827272226
12.723669363137091, -67.56979909870586
12.819537624632872, -68.68034669838323
12.915405886128646, -69.79089429806072
13.011274147624427, -70.90144189773821
13.107142409120208, -72.05783723900163
13.203010670615981, -73.20113322552618
13.298878932111762, -74.3182305025731
13.394747193607543, -75.48117552120596
13.490615455103317, -76.63757086246926
13.586483716599098, -77.9745994111837
13.682351978094879, -79.5243101225933
13.778220239590652, -81.49121313376622
13.87616357168158, -86.66998635054426
13.969956762582214, -88.43593828521568
14.065825024077988, -90.92983475124504
14.161693285573769, -94.23101109339257
14.25756154706955, -97.77175576805087
14.353429808565323, -100.64005876004194
14.441608102561446, -101.40760448756737
14.545166331556885, -100.78710662598417
14.641034593052659, -101.19287446872727
14.73690285454844, -100.38374150715254
14.83277111604422, -100.26579255117281
14.928639377539994, -99.89130996862639
15.024507639035775, -100.52373112033695
15.120375900531556, -101.24129807784982
15.22016604545216, -105.55978954237378
15.31211242352311, -107.74629386156528
15.407980685018892, -109.53832880296557
15.503848946514672, -111.443813476576
15.599717208010446, -112.76013719203172
15.695585469506227, -113.75092995601938
15.791453731002008, -114.66354299002
15.887321992497782, -116.52840796149258
15.981530197517444, -118.25454749207381
16.07698344489419, -120.13762289117221
16.174926776985117, -118.5071229261165
16.270795038480898, -120.10234665113035
16.36666329997668, -121.19324521869953
16.462531561472453, -122.02870636886178
16.558399822968234, -122.667677197942
16.654268084464015, -123.03156157750686
16.75013634595979, -123.25790273231416
16.84600460745557, -123.43184646816633
16.94187286895135, -123.48134633399968
17.037741130447124, -123.41295200718355
17.133609391942905, -123.35110735773696
17.229477653438686, -123.27616335355151
17.32534591493446, -123.15537160778013
17.42121417643024, -122.8773876051431
17.51708243792602, -122.6059532798754
17.612950699421802, -122.47206217936537
17.708818960917576, -122.41021752991855
17.804687222413357, -122.38767094468847
17.900555483909137, -122.39787274630544
17.99642374540491, -122.39497519318331
18.092292006900692, -122.36587893058379
18.188160268396473, -122.37608073220076
18.284028529892247, -122.54347479068326
18.379896791388028, -122.82221336444582
18.47576505288381, -123.09440226083927
18.571633314379582, -123.42553825355708
18.667501575875363, -123.78287295575251
18.763369837371144, -124.32359862429155
18.859238098866918, -124.84467526072228
18.9551063603627, -125.45089770295522
19.05097462185848, -126.1422659509908
19.146842883354253, -126.7812367800708
19.242711144850034, -127.34161148071792
19.338579406345815, -127.80374102082408
19.43444766784159, -128.1807247551277
19.53031592933737, -128.60355623101736
19.62618419083315, -129.34077222063854
19.72205245232893, -130.14348498395395
19.817920713824705, -131.0378932304409
19.913788975320486, -131.80785760690912
20.009657236816267, -132.2110400506906
20.10552549831204, -132.55527539814716
20.20139375980782, -132.89951074560395
20.297262021303602, -133.18479899673605
20.393130282799376, -133.49628595734566
20.488998544295157, -133.78812388584709
20.584866805790938, -134.02756439539326
20.68073506728671, -134.16875974439836
20.776603328782492, -134.1593125139069
20.872471590278273, -134.10401754182965
20.968339851774047, -134.05527224712193
21.064208113269828, -133.97377856556716
21.16007637476561, -133.9446823029674
21.255944636261383, -133.83698991193512
21.351812897757164, -133.7489465530108
21.447681159252944, -133.64125416197828
21.543549420748718, -133.48771402935984
21.6394176822445, -133.38657131569687
21.73528594374028, -133.3116273115113
21.831154205236054, -133.27598137154234
21.927022466731835, -133.1617393031405
22.022890728227615, -133.09989465369392
22.118758989723396, -133.04459968161666
22.21462725121917, -132.78626471108782
22.31049551271495, -132.70477102953294
22.40636377421073, -132.61017799323918
22.502232035706506, -132.43698882851265
22.598100297202286, -132.38824353380494
22.693968558698067, -132.3002001748805
22.78983682019384, -132.21215681595618
22.885705081689622, -132.16341152124858
